{
    "auxiliary_variables": [],
    "used_cols": [
        0,
        1
    ],
    "variables": [
        {
            "always_observed": null,
            "group_name": "A",
            "is_latent": false,
            "lower": -0.9999413490295409,
            "name": "A",
            "query": true,
            "target": false,
            "type": "continuous",
            "upper": 8.235523223876953
        },
        {
            "always_observed": null,
            "group_name": "B",
            "is_latent": false,
            "lower": -1.3496897220611572,
            "name": "B",
            "query": true,
            "target": false,
            "type": "continuous",
            "upper": 6.333921432495117
        }
    ]
}