{
    "auxiliary_variables": [],
    "used_cols": [
        0,
        1,
        2,
        3,
        4,
        5,
        6,
        7,
        8
    ],
    "variables": [
        {
            "always_observed": null,
            "group_name": "X0",
            "is_latent": false,
            "lower": -0.9972466826438906,
            "name": "X0",
            "query": true,
            "target": false,
            "type": "continuous",
            "upper": 4.6759939193725595
        },
        {
            "always_observed": null,
            "group_name": "X1",
            "is_latent": false,
            "lower": -2.5814976692199707,
            "name": "X1",
            "query": true,
            "target": false,
            "type": "continuous",
            "upper": 5.32928466796875
        },
        {
            "always_observed": null,
            "group_name": "X2",
            "is_latent": false,
            "lower": -2.1273651123046875,
            "name": "X2",
            "query": true,
            "target": false,
            "type": "continuous",
            "upper": 4.625239849090576
        },
        {
            "always_observed": null,
            "group_name": "X3",
            "is_latent": false,
            "lower": -2.6445937156677246,
            "name": "X3",
            "query": true,
            "target": false,
            "type": "continuous",
            "upper": 5.033082008361816
        },
        {
            "always_observed": null,
            "group_name": "X4",
            "is_latent": false,
            "lower": -2.567673444747925,
            "name": "X4",
            "query": true,
            "target": false,
            "type": "continuous",
            "upper": 4.1257667541503915
        },
        {
            "always_observed": null,
            "group_name": "X5",
            "is_latent": false,
            "lower": -2.6562483310699463,
            "name": "X5",
            "query": true,
            "target": false,
            "type": "continuous",
            "upper": 4.910168647766112
        },
        {
            "always_observed": null,
            "group_name": "X6",
            "is_latent": false,
            "lower": -2.646025419235229,
            "name": "X6",
            "query": true,
            "target": false,
            "type": "continuous",
            "upper": 3.375401496887207
        },
        {
            "always_observed": null,
            "group_name": "X7",
            "is_latent": false,
            "lower": 0.26206129789352417,
            "name": "X7",
            "query": true,
            "target": false,
            "type": "continuous",
            "upper": 22.06455993652344
        },
        {
            "always_observed": null,
            "group_name": "X8",
            "is_latent": false,
            "lower": -918.1156005859376,
            "name": "X8",
            "query": true,
            "target": false,
            "type": "continuous",
            "upper": 5.11100435256958
        }
    ]
}