{
    "auxiliary_variables": [],
    "used_cols": [
        0,
        1,
        2,
        3
    ],
    "variables": [
        {
            "always_observed": null,
            "group_name": "A",
            "is_latent": false,
            "lower": -3.274207592010498,
            "name": "A",
            "query": true,
            "target": false,
            "type": "continuous",
            "upper": 3.15142273902893
        },
        {
            "always_observed": null,
            "group_name": "B",
            "is_latent": false,
            "lower": -1.5287636518478391,
            "name": "B",
            "query": true,
            "target": false,
            "type": "continuous",
            "upper": 2.873593807220459
        },
        {
            "always_observed": null,
            "group_name": "C",
            "is_latent": false,
            "lower": -5.494884967803955,
            "name": "C",
            "query": true,
            "target": false,
            "type": "continuous",
            "upper": 3.226119518280029
        },
        {
            "always_observed": null,
            "group_name": "D",
            "is_latent": false,
            "lower": -1.9373209476470947,
            "name": "D",
            "query": true,
            "target": false,
            "type": "continuous",
            "upper": 2.244914054870605
        }
    ]
}